datetime,Open,High,Low,Close,Volume
2020-01-02,71.47660718407792,72.5285891982157,71.22326675908423,72.46826934814453,135480400
2020-01-03,71.69617497011174,72.52376157647284,71.5393448267866,71.76373291015625,146322800
2020-01-06,70.88547942287144,72.37416924858576,70.63454677653742,72.33556365966797,118387200
2020-01-07,72.34520436217124,72.60095990158051,71.77578859164102,71.99535369873047,108872000
2020-01-08,71.69858142215591,73.45509501348069,71.69858142215591,73.15349578857422,132079200
2020-01-09,74.13066002589181,74.90034168837741,73.87973482074321,74.70732116699219,170108400
2020-01-10,74.94138611501243,75.4408362602049,74.37437802964394,74.87623596191406,140644800
2020-01-13,75.19231323252647,76.50245856347271,75.07408132346671,76.47591400146484,121532000
2020-01-14,76.41316970238127,76.62308154945259,75.32017458987174,75.44322204589844,161954400
2020-01-15,75.24298130114484,76.12364962606802,74.68803427101611,75.11992645263672,121923600
2020-01-16,75.66280356227105,76.17190690767254,75.30088447470833,76.0609130859375,108829200
2020-01-17,76.30942443229468,76.90538477645106,76.00300228022495,76.9029769897461,137816400
2020-01-21,76.53139743845387,76.97293540809704,76.24427442355741,76.38180541992188,110843200
2020-01-22,76.86676909750412,77.20697385138125,76.56034698568028,76.65444946289062,101832400
2020-01-23,76.70754520066748,77.1032395625604,76.15983628507468,77.02362060546875,104472000
2020-01-24,77.26973366124079,78.01287102929439,76.61103819892749,76.80165100097656,146537600
2020-01-27,74.81108286986905,75.22366854186772,73.56125746709372,74.54326629638672,161940000
2020-01-28,75.42393505290065,76.82335250031947,75.32500962430629,76.65204620361328,162234000
2020-01-29,78.28310584272509,79.1034543464979,77.54237630271076,78.25656127929688,216229200
2020-01-30,77.33967814541826,78.19621681768791,76.90778608498486,78.14313507080078,126743200
2020-01-31,77.43379716634335,77.85603612229534,74.38402933624978,74.67839050292969,199588400
2020-02-03,73.42132267544993,75.63868107737575,72.91946473457213,74.47330474853516,173788400
2020-02-04,76.07779194419663,77.1225356625265,75.67244439973094,76.93192291259766,136616400
2020-02-05,78.05868485702287,78.35787622812788,76.95604393384211,77.55924224853516,118826800
2020-02-06,77.82947991175031,78.46886870193435,77.27212521509354,78.4664535522461,105425600
2020-02-07,77.96581213428415,78.21491934817361,76.90892029107607,77.3998794555664,117684000
2020-02-10,75.98507626887303,77.76752471923828,75.905268338878,77.76752471923828,109348800
2020-02-11,78.26331148915241,78.33586413946524,77.08065162389036,77.2983169555664,94323200
2020-02-12,77.74815764169257,79.13880655058661,77.74815764169257,79.13397216796875,113730400
2020-02-13,78.40599225770488,78.89695147104912,78.20283748467311,78.57044982910156,94747600
2020-02-14,78.53903424535652,78.83893581347662,78.08193769783979,78.58982849121094,80113600
2020-02-18,76.27044253813855,77.33217635199567,76.08905353965851,77.15078735351562,152531200
2020-02-19,77.39263964512776,78.49790505143669,77.39263964512776,78.26814270019531,93984000
2020-02-20,78.02871401030635,78.51725240619737,76.95972489443142,77.46519470214844,100566000
2020-02-21,77.05887881173565,77.5014720805536,75.09504186089677,75.71176147460938,129554000
2020-02-24,71.89291019901326,73.56652149415794,69.95083941191562,72.11540985107422,222195200
2020-02-25,72.78537131530702,73.16749427483839,69.20112246255476,69.6727294921875,230673600
2020-02-26,69.29785906555418,72.04288097148186,69.29060380017634,70.77799224853516,198054800
2020-02-27,67.98460193931137,69.16967532004576,66.01592302206369,66.15135955810547,320605600
2020-02-28,62.21885173263986,67.3340203730767,62.00359989656375,66.11266326904297,426510000
2020-03-02,68.27000031448878,72.9038867453178,67.16715549336965,72.26781463623047,341397200
2020-03-03,73.44319556548463,73.52300347304629,69.12129439177312,69.97261810302734,319475600
2020-03-04,71.6946122287109,73.37790019382146,70.89408264604006,73.21827697753906,219178400
2020-03-05,71.47210154193513,72.4467648225109,70.47809334857007,70.84329223632812,187572800
2020-03-06,68.20224697983885,70.33538285888265,68.0160236433771,69.9024658203125,226176800
2020-03-09,63.78846370366684,67.25662042749718,63.6070747073531,64.37374877929688,286744800
2020-03-10,67.02687337652254,69.27609424415243,65.14767842910632,69.01005554199219,285290000
2020-03-11,67.08733944027128,68.0136294855381,65.74989060302927,66.6133041381836,255598800
2020-03-12,61.8996002456348,65.30003870789042,59.97929481317342,60.03491973876953,418474000
2020-03-13,64.06417921518192,67.69921444547847,61.17646208174082,67.22760009765625,370732000
2020-03-16,58.51609941564171,62.65902228595154,58.044488683164836,58.578983306884766,322423600
2020-03-17,59.86079519838787,62.30349851090025,57.65752303606562,61.15470504760742,324056000
2020-03-18,57.98885734585637,60.4630023695136,57.34794730651824,59.65763473510742,300233600
2020-03-19,59.831764860050804,61.14985749394757,58.67571261986398,59.200531005859375,271857200
2020-03-20,59.780979833542105,60.905593927619734,55.142259915533515,55.44215774536133,401693200
2020-03-23,55.16160435739665,55.26318175410043,51.42015363881515,54.26433181762695,336752800
2020-03-24,57.16413951249609,59.904323146252956,56.66592497733461,59.70842361450195,287531200
2020-03-25,60.644394003218935,62.45828415286656,59.08444921259577,59.37950897216797,303602000
2020-03-26,59.62135514690596,62.56227261652978,59.582657941818766,62.50423049926758,252087200
2020-03-27,61.12809336695391,61.882670430565696,59.74953769675213,59.91641616821289,204216800
2020-03-30,60.64196895182637,61.79802116213787,60.317884482413085,61.626304626464844,167976400
2020-03-31,61.8173747321562,63.483731229594824,60.94670602705082,61.500545501708984,197002000
2020-04-01,59.6165240756465,60.15343586559381,57.83407583491139,58.26457214355469,176218400
2020-04-02,58.12670897901646,59.290016512254034,57.29473750591379,59.23680877685547,165934000
2020-04-03,58.72166070290784,59.423029959454176,57.795367188954444,58.3854866027832,129880000
2020-04-06,60.68067487242126,63.63368619049375,60.313062431640056,63.478904724121094,201820400
2020-04-07,65.49351989948178,65.71119260823201,62.6396691972311,62.7436637878418,202887200
2020-04-08,63.54419983698464,64.6639759139237,63.17900829152558,64.34957122802734,168895200
2020-04-09,64.98563166236876,65.31696770263731,64.01822371729881,64.81391143798828,161834800
2020-04-13,64.89130259807796,66.19488828158737,64.29150704508059,66.08605194091797,131022800
2020-04-14,67.71856083326759,69.71383985781922,67.24694647516952,69.42361450195312,194994800
2020-04-15,68.29899592755704,69.24947241325025,67.87092059097999,68.78995513916016,131154400
2020-04-16,69.50342631571836,69.70174671960459,68.28691109689659,69.3365478515625,157125200
2020-04-17,68.8528327969187,69.39942057020734,66.95912787977822,68.3957290649414,215250000
2020-04-20,67.22278330341808,68.12488676722366,66.9567445601854,66.97608947753906,130015200
2020-04-21,66.81885733049225,67.05345402031033,64.19476216229687,64.90580749511719,180991600
2020-04-22,66.17311317288764,67.2106601783122,65.83210839433792,66.77532958984375,116862400
2020-04-23,66.71971058203668,68.14180153410112,66.47785858014103,66.51655578613281,124814400
2020-04-24,67.04138325446418,68.44654290771221,66.99300989791057,68.4368667602539,126161200
2020-04-27,68.1539012595656,68.81658086164907,67.70648089449013,68.48524475097656,117087600
2020-04-28,68.94715995733218,69.12854894429597,67.2832245167364,67.3751220703125,112004800
2020-04-29,68.86253288111276,70.05728252965069,68.65937805652075,69.58808898925781,137280800
2020-04-30,70.12739587868194,71.2326611643709,69.73801774571496,71.05610656738281,183064000
2020-05-01,69.23013078154854,72.31374359365245,69.13339146359068,69.91215515136719,240616800
2020-05-04,69.93634950460861,71.02951794095532,69.24706979478302,70.90133666992188,133568000
2020-05-05,71.36086215007607,72.79746385447393,71.21574945029819,71.96549224853516,147751200
2020-05-06,72.66685920210755,73.33920755337681,72.28231535832381,72.70797729492188,142333600
2020-05-07,73.33436839325711,73.80598277550787,73.03205337405477,73.46012878417969,115215200
2020-05-08,74.11975020715006,75.26195467448645,73.79236468701193,75.20860290527344,133838400
2020-05-11,74.71629936167047,76.88672941017224,74.50773979704356,76.39202117919922,145946400
2020-05-12,77.07590132316346,77.52696763422976,75.39775910098548,75.51901245117188,162301200
2020-05-13,75.69844229941425,76.61997192440934,73.53043245735147,74.60716247558594,200622400
2020-05-14,73.84572792328466,75.1261631825109,73.12305519185568,75.06553649902344,158929200
2020-05-15,72.83687396484294,74.66779621600826,72.80291948142614,74.62171936035156,166348400
2020-05-18,75.94581646414036,76.75336041216173,75.25467098028571,76.37989807128906,135178400
2020-05-19,76.39688667871405,77.24323270759544,75.90702580080492,75.93855285644531,101729600
2020-05-20,76.7970088377273,77.48572687771853,76.75820688327083,77.4154052734375,111504800
2020-05-21,77.27720108647698,77.81799379794089,76.6006051884002,76.83826446533203,102688800
2020-05-22,76.57633494565745,77.41541342276373,76.47448628011443,77.33296203613281,81803200
2020-05-26,78.45092620311642,78.63037881290926,76.75337911371359,76.80915832519531,125522000
2020-05-27,76.66606775831522,77.28930432080578,75.92641792081989,77.143798828125,112945200
2020-05-28,76.81884468298037,78.43636762804827,76.54239089339562,77.1777572631836,133560800
2020-05-29,77.42026037966232,77.88102160812149,76.74609208099886,77.10257720947266,153532400
2020-06-01,77.05650985276371,78.17204223872224,76.92555415248881,78.05078887939453,80791200
2020-06-02,77.78403309563147,78.43637678676062,77.34266907399055,78.41212463378906,87642800
2020-06-03,78.73222188437157,79.1056842545279,78.15990225471617,78.8437728881836,104491200
2020-06-04,78.66674739088378,78.96502587807994,77.79129440641832,78.16475677490234,87560400
2020-06-05,78.41455514859591,80.45161026599361,78.38545552417453,80.39098358154297,137250400
2020-06-08,80.0878276354404,80.90022645874406,79.37728486968395,80.86627197265625,95654400
2020-06-09,80.54617766782322,83.81273576255528,80.51465061318699,83.41987609863281,147712400
2020-06-10,84.36807924016622,86.0340990809107,83.92914270631454,85.5660629272461,166651600
2020-06-11,84.71000802945393,85.13439472060976,81.35614389223483,81.45799255371094,201662400
2020-06-12,83.59690535411025,84.34382269299937,81.05058514318586,82.16126251220703,200146000
2020-06-15,80.81535534530535,83.82971175950732,80.6528726048748,83.1773681640625,138808800
2020-06-16,85.2314142826488,85.65338103043176,83.59692127094438,85.38176727294922,165428800
2020-06-17,86.12624739787411,86.18687406891311,85.14167085225792,85.26292419433594,114406400
2020-06-18,85.21928633315488,85.71400210817573,84.68819603071728,85.29689025878906,96820400
2020-06-19,86.00256905688693,86.46817771918761,83.7011757246082,84.80943298339844,264476000
2020-06-22,85.20229118895983,87.17144413379616,85.15621433033841,87.02836608886719,135445200
2020-06-23,88.27243705588172,90.3046443458434,87.85289780891296,88.88597869873047,212155600
2020-06-24,88.51496237301082,89.43406501341397,86.9435159931984,87.31697845458984,192623200
2020-06-25,87.47217654394532,88.51495247583935,86.71312932901027,88.47615051269531,137522400
2020-06-26,88.3718744192934,88.5925564218204,85.60971933565048,85.75765228271484,205256800
2020-06-29,85.66550295799838,87.82866626069892,85.18776440060446,87.73408508300781,130646000
2020-06-30,87.32181394171208,88.7526094686746,87.30241666099202,88.46644592285156,140223200
2020-07-01,88.54405219679813,89.08726487998509,88.25062113854636,88.29911804199219,110737200
2020-07-02,89.20609820497056,89.84146462563768,88.18514698857149,88.29911804199219,114041600
2020-07-06,89.72748052152446,91.12916897526445,89.6959534658751,90.6611328125,118655600
2020-07-07,91.03945566141076,91.81790022041915,90.26828600853445,90.37983703613281,112424400
2020-07-08,91.35712467862727,92.51630641314865,91.26981841791165,92.48477935791016,117092000
2020-07-09,93.37720039708492,93.43055216626935,91.83486136183558,92.88249206542969,125642800
2020-07-10,92.47750286894541,93.10317429108636,91.86638865727205,93.04496765136719,90257200
2020-07-13,94.34967494482486,96.95904992595992,92.40234605111124,92.61575317382812,191649200
2020-07-14,91.99733587271359,94.33995142456507,91.0636910214966,94.14837646484375,170989200
2020-07-15,96.02294350650172,96.27272509234513,93.59787669220981,94.79586029052734,153198000
2020-07-16,93.66820411710265,94.48545043557607,93.03041037162107,93.62940216064453,110577600
2020-07-17,94.08046007628133,94.23566048761843,92.96734801354852,93.44023895263672,92186800
2020-07-20,93.52755414344499,95.54763152313923,93.18319140296002,95.4094009399414,90318000
2020-07-21,96.19998954005356,96.27516602978264,93.84282396994556,94.09260559082031,103433200
2020-07-22,93.79431625820118,95.03837684731691,93.70701739615949,94.35693359375,89001600
2020-07-23,94.09016627142198,94.16777018673336,89.25216234988122,90.0621337890625,197004400
2020-07-24,88.26032885670101,90.18340548239307,86.47304800936116,89.83904266357422,185438800
2020-07-27,90.90121082733599,92.06039256097253,90.67810880703217,91.9682388305664,121214000
2020-07-28,91.5390212468066,91.7160538347521,90.4525883659493,90.45744323730469,103625600
2020-07-29,90.94000979201954,92.37565266958501,90.9036352682461,92.19134521484375,90329200
2020-07-30,91.36439616603701,93.41115323756709,90.95698669984957,93.30687713623047,158130000
2020-07-31,99.80120988768464,103.22540332463862,97.80294963723614,103.0750503540039,374336800
2020-08-03,104.95687415756016,108.29134056322187,104.65859571736621,105.67227172851562,308151200
2020-08-04,105.86144267124749,107.46926317333123,105.13877008729901,106.37798309326172,173071600
2020-08-05,106.09910671543679,107.08368330710017,105.63349060376568,106.7635726928711,121776800
2020-08-06,107.09582047328551,110.98320304299686,106.50653089800755,110.48848724365234,202428800
2020-08-07,110.00986453782278,110.46660028081871,107.17956943228634,107.97642517089844,198045600
2020-08-10,109.42195650024055,110.56379606115887,106.8953408360196,109.54586029052734,212403600
2020-08-11,108.80973072656776,109.30776282738468,106.02801970691873,106.28797149658203,187902400
2020-08-12,107.37879756886053,110.07790879616837,107.18444536818468,109.82038879394531,165598000
2020-08-13,111.20029955907641,112.76729092425326,110.7119798713676,111.76393127441406,210082000
2020-08-14,111.58900987277718,111.75420996900903,109.85438662016135,111.66432189941406,165565200
2020-08-17,112.78671524478968,112.81101111968458,110.74598779263943,111.3727798461914,119561600
2020-08-18,111.12498689269856,112.72598654466942,110.78972307405309,112.30083465576172,105633600
2020-08-19,112.70897411610314,113.8556697465018,112.34699003787868,112.44173431396484,145538000
2020-08-20,112.48304002227763,115.05095915162076,112.46603216773778,114.93677520751953,126907200
2020-08-21,115.8964279851969,121.34323552768493,115.88428375126715,120.85977935791016,338054800
2020-08-24,125.06513036986696,125.15016966262684,120.439482171831,122.30529022216797,345937600
2020-08-25,121.17801402833966,121.64689406910605,119.57943869691742,121.30191040039062,211495600
2020-08-26,122.6186527038837,123.40822042524167,121.55212536151603,122.95148468017578,163022400
2020-08-27,123.55400871781482,123.88684074922567,120.33742571871558,121.48169708251953,155552400
2020-08-28,122.4558732168994,122.87373703302123,121.0613775648222,121.2848892211914,187630000
2020-08-31,123.97916478082978,127.30263641002203,122.44375715773111,125.39794921875,225702700
2020-09-01,129.01294820319362,130.99537911333144,126.84589234906336,130.3928680419922,151948100
2020-09-02,133.70658438715637,134.08557623024728,123.41548563943502,127.69129180908203,200119000
2020-09-03,123.3280682941128,125.20358843955071,117.09898196053354,117.46825408935547,257599600
2020-09-04,116.68110262085477,120.20864558009525,107.76020180974345,117.54598236083984,332607200
2020-09-08,110.73385384547656,115.6316049618243,109.4997017926122,109.63574981689453,231366600
2020-09-09,113.95043910719228,115.77737504992243,112.00688739251967,114.00874328613281,176940500
2020-09-10,116.96296148126748,117.09900952991997,109.32480142834852,110.28685760498047,182274400
2020-09-11,111.33633798711266,111.97771348674671,106.89532348087856,108.83887481689453,180860300
2020-09-14,111.48211380367826,112.65796155648654,109.6163061668615,112.10404968261719,140150100
2020-09-15,114.99022398928534,115.47611185461919,110.40344135428404,112.27896881103516,184642000
2020-09-16,111.97773633652149,112.72600049138936,108.87776895050861,108.96522521972656,154679000
2020-09-17,106.62324227263575,109.03324211177724,105.64174663584149,107.22573852539062,178011000
2020-09-18,107.28403508185545,107.7504832499777,103.09567691699868,103.82450866699219,287104900
2020-09-21,101.58943010037062,107.0799641548333,100.1900707538578,106.97306823730469,195713800
2020-09-22,109.49970641236058,109.674626367255,106.07905857827852,108.65425872802734,183055400
2020-09-23,108.46960942834048,108.94577745912319,103.75649121629566,104.09661865234375,150718700
2020-09-24,102.20166152378793,107.1382844839182,102.03646141325542,105.16558074951172,167743300
2020-09-25,105.36964948370711,109.26647248780473,104.63109780542541,109.1109848022461,149981400
2020-09-28,111.76393141391246,112.06517952480382,109.59686822281799,111.71533966064453,137672400
2020-09-29,111.3169269814266,112.05547129194501,110.36458338283204,110.86990356445312,99382200
2020-09-30,110.57837499064281,113.95043838034034,110.41317487532415,112.5413589477539,142675200
2020-10-01,114.31969070873184,114.39743454271479,112.56077909571286,113.49368286132812,116120400
2020-10-02,109.70377282438155,112.1137801442832,109.05268479784137,109.8301010131836,144712000
2020-10-05,110.69498771842362,113.35765140139709,110.34514782850755,113.21188354492188,106243800
2020-10-06,112.43445227836398,112.84260373156758,109.08182887759448,109.96614837646484,161498200
2020-10-07,111.38493140237664,112.28868308370595,110.9087559798063,111.83194732666016,96849000
2020-10-08,112.96893128687452,113.11469913263745,111.35577997813651,111.72505950927734,83477200
2020-10-09,112.02630624423392,113.69776170512303,111.67646638432409,113.66860961914062,100506900
2020-10-12,116.67138292375654,121.64687695311153,115.91339909808642,120.8888931274414,240226800
2020-10-13,121.7343481891843,121.85096395135838,116.2729730734288,117.68204498291016,262330500
2020-10-14,117.58487620978688,119.55757997151946,116.2438282245555,117.76951599121094,150712000
2020-10-15,115.36920805471462,117.7792075503629,114.81529622261273,117.30303955078125,112559200
2020-10-16,117.8569433828195,118.1193269462499,115.45665646862143,115.66072845458984,115393800
2020-10-19,116.57422168009768,117.02123764921416,112.39559027449886,112.70655822753906,120639300
2020-10-20,112.9203206801555,115.62186305026543,112.36640888998728,114.19335174560547,124423700
2020-10-21,113.37706680716391,115.35949008406753,113.16327497131253,113.57142639160156,89946000
2020-10-22,114.13505561823894,114.70840714970598,111.35577645934274,112.48303985595703,101988000
2020-10-23,113.10497125192926,113.2604589200965,111.05452396584917,111.79307556152344,82572600
2020-10-26,110.79216292996242,113.26047439389082,109.69405151217103,111.80281066894531,111850700
2020-10-27,112.23037227607989,113.96985164953288,111.30718833691205,113.30904388427734,92276800
2020-10-28,111.80282082631223,112.17209300111841,107.96430155345347,108.06147766113281,143937800
2020-10-29,109.19845732169942,113.62975292211088,109.03324978889975,112.06519317626953,146129200
2020-10-30,107.92540973464747,108.8291614562022,104.67968236923052,105.78750610351562,190272600
2020-11-02,106.03044267436084,107.55613016138878,104.29096335624901,105.70003509521484,122866900
2020-11-03,106.56492266395703,108.34326649090318,105.66117100164739,107.32290649414062,107624400
2020-11-04,110.91849140042434,112.32756337251364,109.17901179452487,111.70562744140625,138235500
2020-11-05,114.62094399780884,116.24381509607197,113.57143184766637,115.67046356201172,126387100
2020-11-06,115.17886724342364,116.03550252982856,113.04700448892655,115.53904724121094,114457900
2020-11-09,117.30099476626944,118.7514365224502,112.9691352746871,113.23196411132812,154515300
2020-11-10,112.48242528209808,114.46826159817878,111.10011726051921,112.89127349853516,138023400
2020-11-11,114.07888176862647,116.45410042104282,113.34879251575485,116.31781768798828,112295000
2020-11-12,116.44436895423854,117.33020670166636,115.42224104958544,116.04524993896484,103162300
2020-11-13,116.269139549406,116.49302940870272,114.74081980829087,116.09391784667969,81581900
2020-11-16,115.76295421656155,117.77800032814827,115.01339915844956,117.1063232421875,91183000
2020-11-17,116.37623782202498,117.46649976087988,115.80189704193324,116.2204818725586,74271000
2020-11-18,115.4611723878438,116.63904872341847,114.86736591902952,114.89656829833984,76322100
2020-11-19,114.46824389424141,115.89921985730518,113.70895234490581,115.49037170410156,74113000
2020-11-20,115.49035950756337,115.61690561013816,114.17620062427774,114.22486877441406,73604300
2020-11-23,114.06914317462709,114.49746457209459,110.73020141936897,110.82754516601562,127959300
2020-11-24,110.885966009348,112.77445860760254,109.60100171666315,112.11251068115234,113874200
2020-11-25,112.48243113620667,113.65057108020866,112.11251446001901,112.9496841430664,76499200
2020-11-27,113.47533860340312,114.3709129708123,113.1346317708944,113.49480438232422,46691300
2020-11-30,113.86472833539251,117.75853793262587,113.70897238661402,115.88951110839844,169410200
2020-12-01,117.79745659658983,120.19214819451732,116.82400436522819,119.4620590209961,127728200
2020-12-02,118.78064316901394,120.0948096799896,117.68064477339988,119.81250762939453,89004200
2020-12-03,120.24082042379452,120.493920092042,118.96560033409804,119.67622375488281,78967600
2020-12-04,119.34526159986807,119.5983613009378,118.29393123559595,119.00455474853516,78260400
2020-12-07,119.06293291504485,121.26293690576492,119.00452816125119,120.46470642089844,86712000
2020-12-08,121.0682813821168,121.66208795851276,119.82225603327018,121.07801055908203,82225500
2020-12-09,121.22401378468822,122.6063142688594,117.78772835245422,118.5470199584961,115089200
2020-12-10,117.30099698433379,120.58153376453309,116.96029017970807,119.96825408935547,81312200
2020-12-11,119.17975935630199,119.50100038149354,117.3496717985599,119.16029357910156,86939800
2020-12-14,119.3452505477775,120.07533977310263,118.31339348591051,118.5470199584961,79184500
2020-12-15,121.03905488619017,124.50455010924838,120.83463079530905,124.48507690429688,157243700
2020-12-16,124.0275714003019,124.96207736777791,123.20013093515553,124.41694641113281,98208600
2020-12-17,125.4779821462302,126.13993736355808,124.6408126633666,125.28329467773438,94359800
2020-12-18,125.53642108894336,125.67270382324948,122.77181256405065,123.29747772216797,192541500
2020-12-21,121.70100182150271,124.90366074139115,120.17268202586978,124.8257827758789,121251600
2020-12-22,128.11605471749206,130.84172406271304,126.20808171972651,128.37889099121094,168904800
2020-12-23,128.65144655619818,128.91426795602177,127.30807776451475,127.48330688476562,88223700
2020-12-24,127.83378405985889,129.91697172820207,127.61962333055864,128.46652221679688,54930100
2020-12-28,130.43285473552945,133.69391042104374,129.9655870238762,133.06117248535156,124486200
2020-12-29,134.3850597598661,135.10540477739514,130.77354608416104,131.2894744873047,121047300
2020-12-30,131.98066583416636,132.37978484573765,129.85853207666074,130.1700439453125,96452100
2020-12-31,130.5204870277971,131.16296911492586,128.2231389904879,129.16738891601562,99116600
2021-01-04,129.97536179433877,130.06296894085764,123.39482183574111,125.97447204589844,143301900
2021-01-05,125.46826076163048,128.24260563447913,125.020466187956,127.53197479248047,97664900
2021-01-06,124.32932099883892,127.570918733124,123.02489113823766,123.23905181884766,155088000
2021-01-07,124.95235351880193,128.1355470987152,124.46562730765885,127.44438934326172,109578200
2021-01-08,128.9142743130051,129.1089766459298,126.77268233415623,128.54437255859375,105158200
2021-01-11,125.76030921099948,126.7142883378028,125.08862472498865,125.55587768554688,100384500
2021-01-12,125.08862995743296,126.24704065814508,123.4921686595174,125.38066864013672,91951100
2021-01-13,125.34171815091041,127.96030732627808,125.07889671335819,127.41517639160156,88636800
2021-01-14,127.32755607466288,127.52224355209353,125.34170518524395,125.48773193359375,90221800
2021-01-15,125.36117045243897,126.76294396711677,123.62842676171266,123.76470947265625,111598500
2021-01-19,124.38774103736687,125.29305945365387,123.570044622059,124.43641662597656,90757300
2021-01-20,125.24437293876636,128.97269692470792,125.13729259464834,128.52490234375,104319500
2021-01-21,130.24795849137539,135.96212039668015,130.0435269134471,133.2364501953125,120150900
2021-01-22,132.66209590266996,136.1373282057296,131.43555118884584,135.37803649902344,114459400
2021-01-25,139.27182020640586,141.23818305206848,132.91516336360118,139.12579345703125,157611700
2021-01-26,139.78777273313094,140.46918645287846,137.6169631530498,139.3594512939453,98390600
2021-01-27,139.62230640708393,140.46922031278652,136.6824900998624,138.28868103027344,140843800
2021-01-28,135.81607367562873,138.22050212672593,133.07093096645877,133.45057678222656,142621100
2021-01-29,132.22405890530754,133.10990427231604,126.7532604410124,128.45680236816406,177523800
2021-02-01,130.19922693086417,131.78595871131816,127.45408469869479,130.57887268066406,106239800
2021-02-02,132.1267174893043,132.691321780819,131.0364553284251,131.4063720703125,83305400
2021-02-03,132.1559074116743,132.16565144314657,130.0629904566346,130.3842315673828,89880900
2021-02-04,132.68154013575978,133.75232866214105,131.01693030921246,133.7425994873047,84183100
2021-02-05,133.90349935519643,133.9717351183683,132.45088238594224,133.3282928466797,75693800
2021-02-08,132.6165797613071,133.52325088194496,131.53443254526087,133.47450256347656,71297200
2021-02-09,133.19178552172198,134.4201778248724,132.44111786524098,132.5970916748047,76774200
2021-02-10,133.05529021983176,133.5525022619222,131.0274820724659,131.99264526367188,73046600
2021-02-11,132.4898645085888,132.9675743269367,130.41332257065082,131.73919677734375,64280000
2021-02-12,130.9787653308469,132.12914848493614,130.33532312132203,131.97315979003906,60145100
2021-02-16,132.09011245325405,132.59705322014213,129.45785249611714,129.8478240966797,80576300
2021-02-17,127.95654680963715,128.90220781232136,126.2212134982147,127.55683135986328,97918500
2021-02-18,125.9579652802824,126.73789375549589,124.21288851935199,126.4551773071289,96856700
2021-02-19,126.97189361497381,127.43010109713762,125.56802514842084,126.61116790771484,87668800
2021-02-22,124.79781414918779,126.4649113230703,122.44829262823369,122.8382568359375,103916400
2021-02-23,120.6544792375418,123.5304515985531,115.41922654111875,122.7017822265625,158273000
2021-02-24,121.80489705402346,122.40933470367403,119.16289967087555,122.20460510253906,111039900
2021-02-25,121.55138820352438,123.28672123283567,117.51527437819725,117.9539794921875,148199500
2021-02-26,119.51384476967971,121.71713665773981,118.15872464367439,118.21722412109375,164560400
2021-03-01,120.64474122239031,124.71985277897572,119.70883139515851,124.58336639404297,116307900
2021-03-02,125.18780674062197,125.49002551913253,121.87312157746639,121.98036193847656,102260900
2021-03-03,121.67814086921052,122.55555866097826,118.78266587535208,118.99714660644531,112966300
2021-03-04,118.69491428410296,120.49849054949536,115.64345838509743,117.11556243896484,178155000
2021-03-05,117.94423026145166,118.8801399153452,114.61979443770963,118.37318420410156,153766600
2021-03-08,117.89550256292887,117.96374575469044,113.29394038143423,113.44017791748047,154376600
2021-03-09,116.04317714685729,118.99714411910483,115.80920155325997,118.05148315429688,129525800
2021-03-10,118.6364351696504,119.10438636423861,116.4526381350717,116.96934509277344,111943300
2021-03-11,119.46509838909789,120.1182842596345,118.21721868480411,118.89965057373047,103026500
2021-03-12,117.37879987716553,118.12947496626138,116.16991732521446,117.99298858642578,88105100
2021-03-15,118.3634835476245,120.88848955768525,117.39832009018566,120.87873840332031,92403800
2021-03-16,122.54580261068884,124.02766536377307,121.59039794957519,122.4190673828125,115227900
2021-03-17,120.93720389555035,122.7017830040472,119.27010655149442,121.62938690185547,111932600
2021-03-18,119.7965455571018,120.08902057387003,117.30078651568779,117.5055160522461,121229700
2021-03-19,116.89134977056929,118.38295627751944,116.67686904236336,116.97908782958984,185549500
2021-03-22,117.31054202279068,120.76171313425421,117.24229884140365,120.29375457763672,111912300
2021-03-23,120.2352652049879,121.12242658262932,119.07512365781542,119.465087890625,95467100
2021-03-24,119.73805996841114,119.816054302137,117.05706610966415,117.0765609741211,88530500
2021-03-25,116.5403780411406,118.60718345893137,116.0139273940255,117.56402587890625,98844700
2021-03-26,117.33005170542276,118.43170133574063,115.93593444848634,118.16847229003906,94071200
2021-03-29,118.59742624167248,119.50408995901205,117.70051367598907,118.34394836425781,80819200
2021-03-30,117.09607936818357,117.37880328833072,115.87744562855794,116.89134979248047,85671900
2021-03-31,118.59743117177423,120.42050239594532,118.10997769999379,119.08488464355469,118323800
2021-04-01,120.55699346889742,121.06394179532072,119.41634671803331,119.9135513305664,75089100
2021-04-05,120.7617238181442,122.99426157524732,119.98179530076379,122.74078369140625,88651200
2021-04-06,123.32573845569713,123.9399272027551,122.49706897342678,123.04301452636719,80171300
2021-04-07,122.67254799737614,124.71010003062226,121.99985979599343,124.69060516357422,83466700
2021-04-08,125.71425240153569,127.11812083629366,125.29504953954824,127.08887481689453,88844600
2021-04-09,126.54292881700623,129.70161790758218,126.22120772891054,129.66262817382812,106686700
2021-04-12,129.19467229997423,129.5163933763926,127.35209877205047,127.94679260253906,91420000
2021-04-13,129.11666186406666,131.28095619861375,128.619449864356,131.0567169189453,91266500
2021-04-14,131.55391635491986,131.61240837850028,128.35622347475837,128.71693420410156,87222800
2021-04-15,130.46202479252335,131.61240758505895,130.286533846944,131.1249542236328,89347100
2021-04-16,130.9299738929471,131.29068461471235,129.93556488528282,130.79348754882812,84922400
2021-04-19,130.1598082608944,132.07063223335706,129.99407588140957,131.45643615722656,94264200
2021-04-20,131.63192734239016,132.12912448166279,128.5024698015972,129.7698516845703,94812300
2021-04-21,129.0386769276597,130.39379691363274,128.00527800142257,130.1500701904297,68847100
2021-04-22,129.7016154150474,130.78376273570044,128.11252718583415,128.6292266845703,84566500
2021-04-23,128.84369107132306,131.72940697661994,128.84369107132306,130.94949340820312,78657500
2021-04-26,131.44668736593727,131.67091176764876,130.2085515483263,131.33944702148438,66905100
2021-04-27,131.62221418593927,132.01218598694598,130.74480366650468,131.0177764892578,66015800
2021-04-28,130.93973569140266,131.63192609526544,129.740604439872,130.22805786132812,107760100
2021-04-29,133.04551525683968,133.63046521276726,129.1263862542738,130.1305389404297,151101000
2021-04-30,128.4732479162047,130.2085812488916,127.78107225167611,128.16128540039062,109839500
2021-05-03,128.7267036427075,130.70577838338053,128.5219815192614,129.2141571044922,75135100
2021-05-04,127.89805427494618,128.19052935599137,123.52071640184118,124.64186096191406,137564700
2021-05-05,125.9579706529646,127.17660429874773,124.75883931076572,124.88558197021484,84000900
2021-05-06,124.6808521847062,126.4941797495625,123.93992080258374,126.48443603515625,78128300
2021-05-07,127.78325616498553,128.1836356126159,126.44535491426944,127.15825653076172,78973300
2021-05-10,126.3770049216638,126.50394796231055,123.83793549239249,123.87699890136719,88071200
2021-05-11,120.60551014234991,123.31058591748854,119.892615994426,122.95903015136719,126142800
2021-05-12,120.50785562792139,121.71879146016067,119.3848068747701,119.89261627197266,112172300
2021-05-13,121.66021008886267,123.19341357180042,121.34771025318693,122.04106903076172,105861300
2021-05-14,123.29107903765586,124.89264176534579,122.90045234662759,124.46295166015625,81918000
2021-05-17,123.84770522027007,123.95512773405065,122.23637496414497,123.31059265136719,74244600
2021-05-18,123.59380326356951,124.01372562566158,121.85552242300645,121.92388153076172,63342900
2021-05-19,120.27349900757707,121.9922444710152,119.98052713623112,121.76763916015625,92612000
2021-05-20,122.29497252696002,124.72661200774762,122.16801458440843,124.32621765136719,76857100
2021-05-21,124.8242725716539,125.00005419589023,122.27544274551913,122.49028778076172,79295400
2021-05-24,123.05668957229345,124.94145621305331,122.98833046928489,124.12113952636719,63092900
2021-05-25,124.82427074399982,125.31255964913692,123.35942638033971,123.92583465576172,72009500
2021-05-26,123.98442141340175,124.40434374665045,123.45707656811848,123.87699890136719,56575900
2021-05-27,123.47661228754039,124.64848475719648,122.14848618161899,122.34379577636719,94625600
2021-05-28,122.62700604353964,122.85161879427051,121.63091513952054,121.68950653076172,71311100
2021-06-01,122.14849423744593,122.41216295280358,121.0352130826755,121.36724090576172,67637100
2021-06-02,121.36722658627286,122.30472600333286,121.14262130905783,122.12894439697266,59278900
2021-06-03,121.7578580944845,121.92387199310579,120.24418267613345,120.64457702636719,76229200
2021-06-04,121.16215477898149,123.20317504815017,120.94730975584969,122.93949890136719,75169300
2021-06-07,123.21293321808503,123.3594191359653,121.90434257301015,122.94926452636719,71057600
2021-06-08,123.6328740614777,125.44928928445928,123.25201508828968,123.76959228515625,74403800
2021-06-09,124.22857085419675,124.75591573650723,123.55474004059155,124.15044403076172,56877900
2021-06-10,124.04301866252895,125.18560293992083,122.98833637271277,123.15435028076172,71186400
2021-06-11,123.56450647531338,124.45318231886102,123.14458411693292,124.36528778076172,53522400
2021-06-14,124.82428233012304,127.4805274309543,124.09186008030994,127.42193603515625,96906500
2021-06-15,126.89460305506064,127.53913823394846,126.35749040598746,126.60163116455078,62746300
2021-06-16,127.31448489633229,127.82230171440264,125.44926131088909,127.09963989257812,91815000
2021-06-17,126.7578369661276,129.44338429633723,126.61134362559974,128.70118713378906,96721700
2021-06-18,127.64652258250933,128.4277608552948,127.18753690160719,127.40238189697266,108953300
2021-06-21,127.24615390753081,129.30670230447237,126.18170388050524,129.19927978515625,79663300
2021-06-22,129.03327220047046,130.93756704429327,128.53521554050778,130.83990478515625,74783600
2021-06-23,130.63483384623305,131.17194646480604,130.10748149302736,130.56646728515625,60214200
2021-06-24,131.2988522960872,131.4844015936428,129.81447281680693,130.28323364257812,68711000
2021-06-25,130.33208310563106,130.7519979740222,129.69730831930764,129.9902801513672,70783700
2021-06-28,130.28326829600795,132.08014056924634,130.22467690249317,131.62115478515625,62111300
2021-06-29,131.64062621216075,133.29101919918006,131.20117607329527,133.134765625,64556100
2021-06-30,132.9785831720377,134.18952666784298,132.6856112890496,133.7500762939453,63261400
2021-07-01,133.39850004575504,134.11138680082388,132.5781758729055,134.05279541015625,52485800
2021-07-02,134.66800143213112,136.71878923106325,134.521522975564,136.6797332763672,78852600
2021-07-06,136.78714251107849,139.7949424694059,136.78714251107849,138.69143676757812,108181800
2021-07-07,140.17584334226723,141.49420932337944,139.31647805419703,141.1817169189453,104911600
2021-07-08,138.2617906456667,140.68366270138483,137.37311474377276,139.8828887939453,105575500
2021-07-09,139.40437134178396,142.2363981441266,139.3067090791504,141.7090606689453,99890800
2021-07-12,142.78320968151093,142.89063215255737,140.625,141.11328125,76299700
2021-07-13,140.6543415426895,144.00395975842287,140.26372237579417,142.2266082763672,100827100
2021-07-14,144.62894843170855,146.06449685832388,144.2187789659628,145.65432739257812,127050800
2021-07-15,145.74225840567044,146.48444087501676,143.64263914576114,145.00006103515625,106820300
2021-07-16,144.98053780920102,146.25005768557594,142.46100368486307,142.95904541015625,93251400
2021-07-19,140.38093937263613,140.69344670327928,138.34968642696475,139.1114044189453,121434600
2021-07-20,140.09771359109203,143.65240178359875,139.60943216409294,142.7246551513672,96350000
2021-07-21,142.1191759435654,142.70511955455981,141.24027542823887,141.99221801757812,74993500
2021-07-22,142.51954584081096,144.72657191542203,142.39258793656558,143.35939025878906,77338200
2021-07-23,144.09189315351634,145.234470230186,143.47665361178235,145.07821655273438,71447400
2021-07-26,144.79496626398165,146.31840180292855,144.23831833181586,145.4980926513672,72434100
2021-07-27,145.62505300491213,145.71295498966768,142.13873124540055,143.33013916015625,104818600
2021-07-28,141.4160783718357,143.5254579196167,139.19927630353345,141.58209228515625,118931200
2021-07-29,141.29887657911624,143.11528401739503,141.19145407304512,142.2266082763672,56699500
2021-07-30,140.99615834422465,142.90045304700064,140.73248218501953,142.44146728515625,70440600
2021-08-02,142.92974528711127,143.50591381637727,141.8457598823253,142.10943603515625,62880000
2021-08-03,142.3926053476169,144.57033600309364,141.77736607632247,143.90628051757812,64786600
2021-08-04,143.81842770211748,144.32622969980267,142.8516250314263,143.50592041015625,56368300
2021-08-05,143.53523071300444,144.37507551915724,142.74421703883584,143.6133575439453,46397700
2021-08-06,143.1341335136214,143.87742801771682,142.42995348932268,142.92874145507812,54126800
2021-08-09,142.9874052395685,143.47641826359128,142.3223546901742,142.87982177734375,48908700
2021-08-10,143.22214257955443,144.46423988872255,142.10719343722454,142.40060424804688,69023100
2021-08-11,142.84071932029642,143.49599503680233,142.33214155394316,142.65489196777344,48493500
2021-08-12,142.97761899748718,145.77477386971125,142.6353039384577,145.6182861328125,72282600
2021-08-13,145.69652128952967,146.15619466200167,145.01190613589833,145.82366943359375,59375000
2021-08-16,145.27599198977236,147.8677701385214,143.25148569982673,147.79930114746094,103296000
2021-08-17,146.92885446726953,148.34698930481986,145.8139053280962,146.88973999023438,92229700
2021-08-18,146.50830231259667,147.4080844695857,142.938498348175,143.14389038085938,86326000
2021-08-19,141.8431233828503,144.74786207926644,141.32477074631083,143.47642517089844,86960300
2021-08-20,144.2001353891238,145.23684041442456,143.55463473897757,144.93365478515625,60549600
2021-08-23,145.05104264712142,146.88973641640624,144.6402734925246,146.4202880859375,60131800
2021-08-24,146.16601272730568,147.54503325209566,145.87260188236166,146.332275390625,48606400
2021-08-25,146.51806444524348,147.01686722827083,144.55223766808206,145.0999298095703,58991300
2021-08-26,145.09020270374455,145.8432721845463,144.26864929746625,144.29798889160156,48597200
2021-08-27,144.23927174159581,145.48136895257556,143.60356080464544,145.3346710205078,55802400
2021-08-30,145.72586326960624,150.11720505871097,145.34443375463215,149.7553253173828,90956700
2021-08-31,149.30546153876566,149.4423845898935,147.9655556918431,148.4936981201172,86453100
2021-09-01,149.4717126602179,151.57446255268852,148.99247455645138,149.1587371826172,80313700
2021-09-02,150.48884854406634,151.3201765731345,149.05114919993167,150.273681640625,71115500
2021-09-03,150.38128139931968,151.23217421828528,149.72600573087058,150.909423828125,57808700
2021-09-07,151.56469648456283,153.8043695479327,150.99743959102315,153.2469024658203,82278300
2021-09-08,153.53051823549217,153.58919740809037,150.59644021764143,151.7016143798828,74420200
2021-09-09,152.0732585427631,152.6796298490877,150.56709024038778,150.68446350097656,57305700
2021-09-10,151.59404461667017,152.06349296335642,145.43247723787448,145.69654846191406,140893200
2021-09-13,147.32004846636258,148.09268237347644,145.48135496921765,146.26377868652344,102404300
2021-09-14,147.04621254489265,147.7503924466826,143.6818007748944,144.86520385742188,109296300
2021-09-15,145.29551465513066,146.15618215949596,143.15363570353327,145.75518798828125,83281300
2021-09-16,145.1781771600229,145.69652972947753,143.98498428450677,145.52047729492188,68034100
2021-09-17,145.5498094174723,145.5498094174723,142.55703787826133,142.85044860839844,129868800
2021-09-20,140.6401600731503,141.65730067907975,138.16575516526504,139.79905700683594,123478900
2021-09-21,140.7672722677942,141.42256280767091,139.642548359155,140.27825927734375,75834000
2021-09-22,141.27585049264187,143.21233776359767,140.54233100418216,142.6450958251953,76404300
2021-09-23,143.42749371857937,143.84805262005506,142.4396929220293,143.60354614257812,64838200
2021-09-24,142.4593121275063,144.2295373140158,142.36150352969494,143.69161987304688,53477900
2021-09-27,142.27345249653945,142.75269063959104,140.65971546291632,142.17564392089844,74150700
2021-09-28,140.10223840010562,141.56927754565646,138.5765200764918,138.79168701171875,108972300
2021-09-29,139.33936207785715,141.27584933291644,138.90902826040127,139.6914520263672,74602000
2021-09-30,140.50324137590155,141.20742140322028,138.17553434540375,138.3907012939453,89056700
2021-10-01,138.7818918325454,139.77948259151805,136.0532056936857,139.51541137695312,94639600
2021-10-04,138.64495809209728,139.08508172360442,135.23165695964403,136.08253479003906,98322000
2021-10-05,136.42486459550415,139.11443634160335,136.29771642835235,138.00926208496094,80861100
2021-10-06,136.4052650097456,139.0263670959615,135.32943061705103,138.87966918945312,83221100
2021-10-07,139.91640035654444,141.0509141240026,139.5838750906148,140.14134216308594,61732700
2021-10-08,140.86510781730598,141.01180577314355,139.42740815611788,139.7599334716797,58773200
2021-10-11,139.14379318887413,141.62797319796408,138.69389456556874,139.6719207763672,64452200
2021-10-12,140.0826575469626,140.10222224522562,137.94077825367475,138.40045166015625,73035900
2021-10-13,138.13644065693774,138.29291352384175,136.14125863806643,137.81369018554688,78762700
2021-10-14,138.98727624385413,140.71838645223315,138.4004546711347,140.60101318359375,69907100
2021-10-15,140.61080749842878,141.71596677210917,140.35651117780878,141.65728759765625,67940300
2021-10-18,140.29784030967528,143.6133481739968,140.01421930853004,143.32972717285156,85589200
2021-10-19,143.77960431394027,145.8921441646938,143.32972068785898,145.49114990234375,76378900
2021-10-20,145.43245616972183,146.45938640466994,144.8651993263839,145.9801483154297,58418800
2021-10-21,145.54005210514717,146.35181550626882,144.62070524306984,146.19532775878906,61421000
2021-10-22,146.40067896198207,146.87990203518177,145.37374892535743,145.4226531982422,58883400
2021-10-25,145.41290903215594,146.08774940871533,144.3762037849461,145.37379455566406,50720600
2021-10-26,146.04865428407604,147.5254684740955,145.73567873669694,146.03887939453125,60893400
2021-10-27,146.07795043904167,146.4398152500375,145.22707267329858,145.57916259765625,56094900
2021-10-28,146.52783620883923,149.80421376724462,146.43002765698066,149.2174072265625,100077900
2021-10-29,143.9850068548087,146.64523910016035,143.1928080838573,146.50831604003906,124953200
2021-11-01,145.71610716586716,146.4104973070888,144.55225377378474,145.686767578125,74588300
2021-11-02,145.39336412691904,148.23942366972244,145.38357431484795,146.72348022460938,69122000
2021-11-03,147.0853287663622,148.63061162902127,146.52786170952203,148.16116333007812,54511500
2021-11-04,148.249208975671,149.0805222679595,147.32986198602657,147.64283752441406,60394600
2021-11-05,148.76917431705436,149.07280247570614,146.9767728258522,148.1717071533203,65463900
2021-11-08,148.29903947767883,148.45575560494797,147.07472275577462,147.34896850585938,55020900
2021-11-09,147.11392796889447,148.3186517141658,146.97680506248372,147.71139526367188,56787900
2021-11-10,146.93762626246985,147.04536675115244,144.81221384507222,144.88076782226562,65187100
2021-11-11,145.89937206123298,146.35970136863273,144.64565807110787,144.83175659179688,41000000
2021-11-12,145.3802585513719,147.3097829126506,144.44978082602336,146.90821838378906,63804000
2021-11-15,147.28039221661786,148.75937630755206,146.3597036966309,146.91799926757812,59222800
2021-11-16,146.85924274203003,148.3773984758072,146.27156473370576,147.8974609375,59256200
2021-11-17,147.89745943010328,151.81527292494047,147.88767027666427,150.3363037109375,88807000
2021-11-18,150.55181209560718,155.40989334552083,149.90536916424182,154.62632751464844,137827700
2021-11-19,154.41081232255357,157.71158022509883,153.3138293695712,157.25123596191406,117305600
2021-11-22,158.35800620438556,162.2954127503928,157.69198511799027,157.71157836914062,117467900
2021-11-23,157.8095322884944,158.47556839424874,155.79186060844827,158.0935821533203,96041900
2021-11-24,157.4471342187338,158.8085738483819,156.35994034575776,158.61268615722656,69463600
2021-11-26,156.2913900038225,157.15329885394945,153.14733793761846,153.5880889892578,76959800
2021-11-29,156.0954667892113,157.87807895924246,155.52738208486963,156.94760131835938,88748200
2021-11-30,156.70274588184037,162.11912167836516,156.63417697403202,161.9036407470703,174048100
2021-12-01,164.03886252915143,166.8009284808444,161.1494777894876,161.38455200195312,152052500
2021-12-02,155.47847813349267,160.82628670525173,154.55778930916287,160.39532470703125,136739200
2021-12-03,160.64998717410649,161.5706759695091,156.43833361283723,158.5147705078125,118023100
2021-12-06,160.91439750803002,164.43064668165096,160.9046083540242,161.92324829101562,107497000
2021-12-07,165.60599842826275,168.05463216133037,164.881197462976,167.662841796875,120405400
2021-12-08,168.59332710400926,172.3446356103418,167.19270089919112,171.4827117919922,116998900
2021-12-09,171.31620335113058,173.11839407886248,170.3465390733042,170.973388671875,108923700
2021-12-10,171.6100212029294,175.93920304428585,171.1007012965135,175.7628936767578,115402700
2021-12-13,177.39859965742585,178.38785718223016,171.9234585953343,172.129150390625,153237000
2021-12-14,171.64921855709608,174.08806304841983,168.67168661995763,170.7481231689453,139380400
2021-12-15,171.5120851840939,175.81188500506997,168.76961267963995,175.61599731445312,131063300
2021-12-16,175.59644109880878,177.4182254018164,167.2417030442552,168.72067260742188,150185800
2021-12-17,166.43852716670187,169.90580094866743,166.20346789014454,167.62367248535156,195432700
2021-12-20,164.822439656907,167.0751857762259,164.0192955298341,166.26223754882812,107499100
2021-12-21,168.03502751462352,169.6413305368034,165.64515876193008,169.43565368652344,91185900
2021-12-22,169.48461926274177,172.24668517933623,168.6129062856775,172.0312042236328,92135300
2021-12-23,172.23687751170715,173.21633086134378,171.6687927754853,172.6580352783203,68356600
2021-12-27,173.4514127643316,176.71299463822913,173.43183445537653,176.62484741210938,74919600
2021-12-28,176.45833582983963,177.6042945644057,174.86182193569553,175.606201171875,79144300
2021-12-29,175.6453755384828,176.91866791508298,174.4798236309474,175.69435119628906,62348900
2021-12-30,175.78249945588863,176.85990415292721,174.4308490078352,174.53858947753906,59773000
2021-12-31,174.43089020072648,175.54746672076513,173.61794190920978,173.9215850830078,64062300
2022-01-03,174.17620137564992,179.12244407617163,174.05867174915193,178.2703094482422,104487900
2022-01-04,178.8776038701533,179.1812320747434,175.43971239750775,176.00779724121094,99310400
2022-01-05,175.91962765597447,176.46811917460536,171.0517430102158,171.32598876953125,94537600
2022-01-06,169.15160256379613,171.69818743268368,168.1133843303379,168.4659881591797,96904000
2022-01-07,169.33768439473522,170.56200104833394,167.51590061636946,168.63247680664062,86709100
2022-01-10,165.60599864366586,168.95572780142643,164.7146923768041,168.652099609375,106765600
2022-01-11,168.77942565072325,171.58064816981238,167.31024547595837,171.4827117919922,76138300
2022-01-12,172.50135116951776,173.53956952156884,171.22807353490404,171.92347717285156,74805200
2022-01-13,172.16833406776786,172.9910714162829,168.26030924441002,168.652099609375,84505800
2022-01-14,167.81952731493655,170.20939579349408,167.57466398631828,169.5139923095703,80440800
2022-01-18,167.986029250503,168.99486494876345,165.92918629810023,166.31117248535156,90956700
2022-01-19,166.50708841129685,167.56489994287205,162.53050974989438,162.81454467773438,94815000
2022-01-20,163.54913404663756,166.19365539118294,160.80666137829382,161.1298828125,91420500
2022-01-21,161.04173994454513,162.91249968467412,158.965303342259,159.0730438232422,122848900
2022-01-24,156.73210866650368,158.96526081558002,151.52141035514546,158.29922485351562,162294600
2022-01-25,155.71350456711474,159.41583739515477,153.79378418345803,156.4970703125,115798400
2022-01-26,160.14063545703362,161.01234841002858,154.57734716045317,156.40892028808594,108275300
2022-01-27,159.11217717007352,160.47361658716693,155.02785891879338,155.94854736328125,121954600
2022-01-28,162.30522203050273,166.8498849998228,159.45500918063075,166.83029174804688,179935700
2022-01-31,166.66380312140188,171.4043542462614,166.02714940989443,171.18887329101562,115541600
2022-02-01,170.43467612383174,171.2476242171807,168.769608378118,171.02235412597656,86213900
2022-02-02,171.15946552150538,172.26625254169926,169.7686436179964,172.22706604003906,84914300
2022-02-03,170.89502658265624,172.618874147118,168.58351594007854,169.3474884033203,89418100
2022-02-04,168.3668057872498,170.7401162961765,167.38610440694853,169.0631103515625,82465400
2022-02-07,169.52403712153145,170.59299800892276,167.65089393875687,168.34719848632812,77251200
2022-02-08,168.41582891603926,171.9659777736799,168.12161553517308,171.4560089111328,74829200
2022-02-09,172.65246413479986,173.2408759269309,171.5246486789991,172.87802124023438,71285000
2022-02-10,170.77931477893978,172.09345086021537,168.23930213729957,168.7982940673828,90865900
2022-02-11,169.00424214752385,169.73976805864703,164.7970255558841,165.3854522705078,98670700
2022-02-14,164.13996586391173,166.30732224292808,163.34560023389338,165.62083435058594,86185500
2022-02-15,167.670499489042,169.61228383864895,166.96439336840055,169.4553680419922,62527400
2022-02-16,168.53352854543166,169.99476394129306,166.7682631690513,169.2200164794922,61177400
2022-02-17,167.72933608370406,168.5923579851135,165.2187432406735,165.62083435058594,69589300
2022-02-18,166.54270637048876,167.24879755806595,162.98275576839345,164.0713348388672,82772700
2022-02-22,161.79610099125685,163.4731068473456,159.02071443579257,161.1488494873047,91162800
2022-02-23,162.34528786351217,162.94351625967545,156.6670338772365,156.98086547851562,90009200
2022-02-24,149.63540593186767,159.70721245821238,149.06659738297807,159.59933471679688,141147500
2022-02-25,160.6780917637284,161.9333881865455,157.76540780776472,161.66860961914062,91974200
2022-02-28,159.9131681515143,162.22762405787608,159.29532147992174,161.93341064453125,95056600
2022-03-01,161.52152827152648,163.38487003337303,158.8442174624351,160.05047607421875,83474400
2022-03-02,161.21747641613547,164.13016029917193,159.8052642347465,163.34559631347656,79724800
2022-03-03,165.21874895199736,165.65025991761865,162.35510295615475,163.02197265625,76678400
2022-03-04,161.3155594882437,162.35510045432284,158.9716840195684,160.02102661132812,83737200
2022-03-07,160.2073682314536,161.83533601406552,155.97073134624392,156.22572326660156,96418800
2022-03-08,155.75499927047608,159.73664445127486,152.7932769334802,154.40162658691406,131148300
2022-03-09,158.36365040568722,160.2564117997747,156.33360638496927,159.80528259277344,91454900
2022-03-10,157.10834060556428,157.29467624132576,152.96978004521466,155.4607696533203,105342000
2022-03-11,155.8628386400447,156.20609005481433,151.51833939243923,151.743896484375,96970100
2022-03-14,148.52719485737234,151.14566528522778,147.2032572060636,147.7132110595703,108732100
2022-03-15,147.98782853142856,152.56771702935066,147.4778746009712,152.0969696044922,92964300
2022-03-16,154.01915688013034,156.9122229988077,151.4791438617729,156.5101318359375,102300200
2022-03-17,155.54901392146604,157.8928891304827,154.58793096024448,157.5202178955078,75615400
2022-03-18,157.4123942449896,161.30578044331628,156.67686811126515,160.8154296875,123511700
2022-03-21,160.3544634117704,163.13966646337798,159.8641127641069,162.18838500976562,95811400
2022-03-22,162.3158776286816,166.15042355950408,161.7274657879275,165.56201171875,81532000
2022-03-23,164.7479978071537,169.308252341418,164.41454803066404,166.92515563964844,98062700
2022-03-24,167.75875768604743,170.77931940838405,166.9251705809909,170.71067810058594,90131400
2022-03-25,170.5243286011813,171.8973042886656,169.41613146208226,171.34811401367188,80546200
2022-03-28,168.84735290472764,172.33864738407132,168.68063546771577,172.21116638183594,90371900
2022-03-29,173.28012092274494,175.55534023387025,172.93686947046768,175.50631713867188,100589400
2022-03-30,175.1042096873483,176.14375060919454,173.28990640459241,174.33926391601562,92633200
2022-03-31,174.4078950100189,174.59423062931046,171.03428054201657,171.240234375,103049300
2022-04-01,170.67144974905557,171.5050518578882,168.62178757896973,170.946044921875,78751300
2022-04-04,171.20105860098838,175.04540647336353,171.07356262443463,174.99636840820312,76468400
2022-04-05,174.0744778575844,174.85904187741096,171.05391610805626,171.6815643310547,73401800
2022-04-06,169.0336712319797,170.27916603294383,166.8467115933005,168.51390075683594,89058800
2022-04-07,167.8568338106809,170.01437362269277,166.5721175347958,168.8179168701172,77594700
2022-04-08,168.4648674430598,168.4648674430598,165.93465630346196,166.80747985839844,76575500
2022-04-11,165.45413695115786,165.76795361235142,162.3060789266503,162.55125427246094,72246700
2022-04-12,164.77744578641645,166.59173431379904,163.42407312851623,164.4243927001953,79265200
2022-04-13,164.1595904381064,167.73914420674996,163.55156041909547,167.1114959716797,70618900
2022-04-14,167.32726844290085,167.96473333287506,161.85495282329552,162.10012817382812,75329400
2022-04-18,160.75656858845937,163.38485607115766,160.41333208367593,161.88438415527344,69023900
2022-04-19,161.8353139115337,164.58128022532864,160.74673499644868,164.16937255859375,67723800
2022-04-20,165.50315744246095,165.62085178233113,162.89450317699752,164.002685546875,67929800
2022-04-21,165.65029565302405,168.2197288207586,162.70819112289107,163.20834350585938,87227800
2022-04-22,163.2475363117759,164.63031369845396,158.38325153783305,158.6676483154297,84882400
2022-04-25,158.01057433340998,160.0210148088947,155.40192048493418,159.7366180419922,96046400
2022-04-26,159.1187908139756,159.207050342252,153.69551365548884,153.7739715576172,95623200
2022-04-27,152.90118005015773,156.7062918336278,152.3814094332879,153.54844665527344,88063200
2022-04-28,156.17667104674604,161.34497072445453,155.8628394699356,160.48194885253906,130216800
2022-04-29,158.7167001847882,162.9925585964128,154.21528465651994,154.60755920410156,131747600
2022-05-02,153.68569876055605,155.17635387935172,150.31208408187865,154.9115753173828,123055300
2022-05-03,155.09790243206862,157.60851029484962,153.30323224685807,156.40223693847656,88966500
2022-05-04,156.58856589280018,163.267138972668,156.18647479117334,162.81602478027344,108256500
2022-05-05,160.68790391798768,160.91346101284063,151.95965391653039,153.74453735351562,130525300
2022-05-06,153.22400390708842,156.59275954886184,151.42668182783396,154.47132873535156,116124600
2022-05-09,152.163286830581,153.047223819661,148.78473018495143,149.34454345703125,131577900
2022-05-10,152.7427360024197,153.94095050381605,150.19897670016442,151.75076293945312,115366700
2022-05-11,150.75883036017825,152.67400468671187,143.20615431110124,143.8838348388672,142689800
2022-05-12,140.22047769386583,143.5892190057079,136.32137108215858,140.01422119140625,182602000
2022-05-13,142.00793811597927,145.45526685384394,140.55437184575726,144.48294067382812,113990900
2022-05-16,142.95079475797485,144.88561601712348,141.60524980458257,142.9409637451172,86643800
2022-05-17,146.20167134886358,147.0954242427805,144.06059381103506,146.57489013671875,78336300
2022-05-18,144.2275834099531,144.72847052072004,137.4016833512006,138.30526733398438,109742900
2022-05-19,137.38205052865445,139.13026237954173,134.160625433561,134.89723205566406,136095600
2022-05-20,136.60614779257094,138.1873972505803,130.2418708685785,135.1329345703125,137426100
2022-05-23,135.32934881682118,140.70166712216994,135.1918495268943,140.55435180664062,117726300
2022-05-24,138.29541550178678,139.43470384222053,134.87756546678344,137.85345458984375,104132700
2022-05-25,135.95791658734237,139.25791446992204,135.86952739968447,138.01060485839844,92482700
2022-05-26,134.93651437290322,141.76239957025606,134.69097882633443,141.21240234375,90601500
2022-05-27,142.79365382955837,147.00703727273068,142.66597054796807,146.96775817871094,90978500
2022-05-31,146.40792556095022,147.96952785545992,144.21773795482548,146.18202209472656,103718400
2022-06-01,147.2231190270911,149.0302721781197,145.04276200731988,146.05438232421875,74286600
2022-06-02,145.1900596961789,148.5686307144866,144.23738071765732,148.50970458984375,72348100
2022-06-03,144.27667399411106,145.32757327458623,141.8802597672709,142.78382873535156,88570300
2022-06-06,144.40437947478588,145.91688699135824,142.31241160472894,143.5302734375,71598400
2022-06-07,141.77224146396463,146.33919698612507,141.52670589855168,146.05438232421875,67808200
2022-06-08,145.92668764129223,147.19364446593215,144.82669318974126,145.31776428222656,53950200
2022-06-09,144.45347180040457,145.30793069054988,139.98472194082933,140.09275817871094,69473000
2022-06-10,137.77492521441144,138.24634933788164,134.61242570462275,134.68118286132812,91437900
2022-06-13,130.49722878533498,132.78562190034356,129.09277263849617,129.52491760253906,122207100
2022-06-14,130.75259347181498,131.49901613498997,129.1320498799016,130.38919067382812,84784300
2022-06-15,131.89187879778933,134.8874157174927,129.79992595411264,133.0115203857422,91533000
2022-06-16,129.72133518143346,130.0257968459268,126.7356146942801,127.7374038696289,108123900
2022-06-17,127.74724995941777,130.70349274398822,127.49188338256819,129.21063232421875,134520300
2022-06-21,131.0374040187389,134.61240084976376,130.93919879539584,133.4436492919922,81000500
2022-06-22,132.38294065988546,135.29990419534238,131.51866571381353,132.93295288085938,73409200
2022-06-23,134.37670851634957,136.11508949160935,133.20795685254018,135.80081176757812,72433800
2022-06-24,137.40168446081998,139.37579982628543,137.27401616859356,139.13026428222656,89116800
2022-06-27,140.1516855515393,140.92758626309347,138.45258378281605,139.13026428222656,70207900
2022-06-28,139.5918597520797,140.85881645152855,134.867758706979,134.98561096191406,67083400
2022-06-29,135.00527146488074,138.15793948922365,134.2293707457082,136.74365234375,66242400
2022-06-30,134.79903766505709,135.89903230248103,131.38118647998766,134.27850341796875,98964500
2022-07-01,133.61062978312276,136.5570566364842,133.23742590571564,136.4490203857422,71051600
2022-07-05,135.30971636921956,139.08113829870763,134.48470564577644,139.0320281982422,73353800
2022-07-06,138.82579671678738,141.54631963942614,138.56061414428805,140.3677520751953,74064300
2022-07-07,140.7311436298687,143.93293666537267,140.72132760332855,143.73651123046875,66253700
2022-07-08,142.66598770215515,144.91510200246088,142.41063609457171,144.41419982910156,64547800
2022-07-11,143.0686451840122,144.02132426836204,141.2123971200697,142.28292846679688,63141600
2022-07-12,143.15705931439427,145.79902455570198,142.45974665881124,143.25527954101562,77588800
2022-07-13,140.43653568039218,143.8347397140172,139.5820616716197,142.8918914794922,71185600
2022-07-14,141.50706056941064,146.29008864591398,140.69188068401962,145.81866455078125,78140700
2022-07-15,147.1052464203459,148.1659617146879,145.55346006304742,147.48828125,76259900
2022-07-18,148.0481247263253,148.86330457327466,144.08026173602485,144.44366455078125,81420900
2022-07-19,145.27848208027842,148.52937058051154,144.286523787425,148.30348205566406,82982400
2022-07-20,148.42132610705224,150.97490184976564,147.6847194489196,150.30703735351562,64823400
2022-07-21,151.74094840024839,152.79184759877373,149.22666712229798,152.57577514648438,65086600
2022-07-22,152.61507520531072,153.48918116011728,150.67043785379852,151.33828735351562,66675400
2022-07-25,151.25971149976874,152.27131674461305,149.56060972730697,150.21864318847656,53623900
2022-07-26,149.54096368293668,150.3561434947877,148.1070444852617,148.89276123046875,55138700
2022-07-27,149.85527117258624,154.52044701167125,149.44277321253915,153.99008178710938,78620700
2022-07-28,154.1766972484503,154.8249147765774,151.6525992780924,154.54010009765625,81378700
2022-07-29,158.36064587550854,160.70796561063992,156.65171270547043,159.6079559326172,101786900
2022-08-01,158.13470710792794,160.66863573230555,158.01685484186865,158.6257781982422,67829400
2022-08-02,157.24096155464215,159.50970748502837,156.77935355303202,157.15255737304688,59907000
2022-08-03,157.96772903161715,163.61504600881742,157.87933984085964,163.16326904296875,82507500
2022-08-04,163.0454244700845,164.20436008201335,161.49363796486168,162.8489990234375,55474100
2022-08-05,160.51809946404907,163.1145559751719,160.31155649978248,162.622802734375,56697000
2022-08-08,163.62597080235415,165.04222255656555,161.49176350864772,162.1507110595703,60276900
2022-08-09,161.31474028979756,163.08505499075815,160.55743608300256,162.19989013671875,63135500
2022-08-10,164.91438646665537,166.54701109348545,164.14725248674637,166.44866943359375,70170500
2022-08-11,167.25511117853088,168.1697800173322,165.41595884571527,165.7110137939453,57149200
2022-08-12,167.0190809905204,169.33031226065586,166.60599505436244,169.261474609375,68039400
2022-08-15,168.6910268994302,170.5301791193321,168.52383260735886,170.33348083496094,54091700
2022-08-16,169.93024033504878,170.84490912166515,168.82871793209483,170.17611694335938,56377100
2022-08-17,169.9204107737534,173.24465231523857,169.72371248841205,171.67105102539062,79542000
2022-08-18,170.8842371095866,172.01526346746522,170.26462327491188,171.2776336669922,62290100
2022-08-19,170.1761140668042,170.87441022573427,168.48448182965225,168.69102478027344,70346300
2022-08-22,166.89122718275175,167.05842149370653,164.38328250419255,164.8061981201172,69026800
2022-08-23,164.32425128292837,165.92737151886493,163.90133572678997,164.47177124023438,54147100
2022-08-24,164.56030249873976,165.33726597260625,163.50794341888323,164.76683044433594,53841500
2022-08-25,165.99623327523008,167.3338027751895,165.57333266477946,167.22561645507812,51218200
2022-08-26,167.75670773498427,168.2287866440609,160.8623176958489,160.92132568359375,78961000
2022-08-29,158.4920749241394,160.2132113909233,157.18402441564837,158.71829223632812,73314000
2022-08-30,159.45590875707995,159.87880933569366,155.118641623387,156.2890167236328,77906200
2022-08-31,157.66589243531146,157.9314433381074,154.54817926746995,154.62686157226562,87991100
2022-09-01,154.05645479166745,155.8070951296429,152.11894582091065,155.3546905517578,74229900
2022-09-02,157.11519205841762,157.71513173322913,152.4140313307292,153.24017333984375,76957800
2022-09-06,153.8892363672152,154.49900548839526,151.1550899755094,151.98123168945312,73714800
2022-09-07,152.26646809885722,154.0859459351541,151.07641875135508,153.38766479492188,87449600
2022-09-08,152.08942323375317,153.78105537712216,150.1617441609201,151.9123992919922,84923800
2022-09-09,152.9057577037595,155.21700399593914,152.19763181879884,154.7744140625,68028800
2022-09-12,156.9577901423654,161.5507634451195,156.67257987610813,160.7344512939453,104956000
2022-09-13,157.26267420589616,157.89211772902357,150.8403783347764,151.30262756347656,122656600
2022-09-14,152.23697022602627,154.5088829319825,151.0764397160354,152.74839782714844,87965400
2022-09-15,152.09928154477043,152.6795618131171,148.88322594006283,149.8568878173828,90481100
2022-09-16,148.71601438946803,148.85370468985187,145.92284471335466,148.21441650390625,162278800
2022-09-19,146.84737096636638,152.01078071909163,146.6408429802446,151.93209838867188,81474200
2022-09-20,150.86987662798256,155.47269441025097,150.5551623818667,154.31214904785156,107689800
2022-09-21,154.74488909740035,156.12180702361462,151.06658486761725,151.18460083007812,101696800
2022-09-22,149.8667164993867,151.9222413623521,148.42096082844884,150.2207794189453,86652500
2022-09-23,148.69634230303134,148.97172290795524,146.10971554201328,147.94886779785156,96029900
2022-09-26,147.19158660210013,151.2337989231627,147.1719122700789,148.2832794189453,93339400
2022-09-27,150.22077457787657,152.16811306913462,147.47678328794686,149.25692749023438,84442700
2022-09-28,145.20488028971093,148.15539940831013,142.45105944426174,147.36859130859375,146691400
2022-09-29,143.69030869298015,144.30007793360352,138.35969014393336,140.1300048828125,128138200
2022-09-30,138.9497794383235,140.7397682439674,135.72387972938284,135.9205780029297,124925300
2022-10-03,135.93042173003832,140.71026327900083,135.4189942166646,140.10047912597656,114311700
2022-10-04,142.63791815031084,143.80829305388013,141.8806140938045,143.69027709960938,87830100
2022-10-05,141.69377951288206,144.94918341662517,140.65125008419213,143.98533630371094,79471000
2022-10-06,143.40506352233135,145.1065253655181,142.8247983571862,143.0313262939453,68402200
2022-10-07,140.18899129011245,140.73976746295003,137.14996021039673,137.77940368652344,85925600
2022-10-10,138.10398864746094,139.54974448383035,136.28451052504542,138.10398864746094,74899000
2022-10-11,137.5925530590874,139.0186494867963,135.9402693459634,136.68772888183594,77033700
2022-10-12,136.8352517842159,138.04496046792565,135.88124936484056,136.0582733154297,70433700
2022-10-13,132.76352584164425,141.2216713360496,132.15374170783133,140.63157653808594,113224000
2022-10-14,141.92982762072035,142.1363705990491,135.9107723458466,136.09764099121094,88598000
2022-10-17,138.74327729972723,140.54308109407378,137.9564690521345,140.06117248535156,85250900
2022-10-18,143.09035010046446,144.28038442851894,138.29083411442357,141.37904357910156,99136600
2022-10-19,139.35305140756245,142.55927749459596,139.16618275396215,141.4872589111328,61758300
2022-10-20,140.6611013003117,143.4837601022304,140.29719369702107,141.02499389648438,64522000
2022-10-21,140.51355110159543,145.41142365797057,140.29717849836038,144.8409881591797,86548600
2022-10-24,144.7623420825169,147.75219561004096,143.59196680128503,146.9850616455078,75981900
2022-10-25,147.61450271725704,149.97492757312142,146.89654709772452,149.827392578125,74732300
2022-10-26,148.47011872840665,149.4831290241877,145.5982671053076,146.8866729736328,88194300
2022-10-27,145.62782920100577,146.59166146526223,141.75281080290236,142.41175842285156,109180200
2022-10-28,145.75564835945892,154.90226106166642,145.3819261249116,153.17129516601562,164762400
2022-10-31,150.63381287977566,151.69600137441563,149.4142597917564,150.8108367919922,97943200
2022-11-01,152.52217870801033,152.8860712842191,146.6703184608035,148.1652374267578,80379300
2022-11-02,146.49329861316923,149.66019092618583,142.60845071578376,142.63795471191406,93604600
2022-11-03,139.7169294177421,140.44472962212055,136.4615253404881,136.58938598632812,97918500
2022-11-04,139.97824816387146,140.5496299805745,132.38284296255216,136.32339477539062,140814800
2022-11-07,135.07226465763827,137.08193945756335,133.6536636073325,136.85536193847656,83374600
2022-11-08,138.32320632796907,139.32803609159419,135.44660566800263,137.42672729492188,89908500
2022-11-09,136.44159482466026,136.49085472450093,132.5897021500865,132.86553955078125,74917800
2022-11-10,139.14089348616804,144.6872100830078,137.42674799216064,144.6872100830078,118854000
2022-11-11,143.65281852957958,147.78053378231226,142.22435652176193,147.4751434326172,93979700
2022-11-14,146.75601106211803,148.04653945457946,145.23889010351994,146.07626342773438,73374100
2022-11-15,149.9576976256643,151.3073317859871,146.35208917690562,147.81008911132812,89868300
2022-11-16,146.91361736230309,147.642609775535,145.100952232511,146.5786590576172,64218300
2022-11-17,144.2537899006478,149.22874117882532,143.9779523871504,148.48004150390625,80389400
2022-11-18,150.0463641188946,150.4305673318375,147.74114484123723,149.04151916503906,74829600
2022-11-21,147.928327968664,148.1351985339266,145.52458880647748,145.81027221679688,58724100
2022-11-22,145.92847743972578,148.18443654711209,144.74629997055138,147.947998046875,51804100
2022-11-23,147.22887996484198,149.5735133563615,147.1205141770319,148.82481384277344,58301400
2022-11-25,146.10579226397604,146.66732805436232,144.93347581626634,145.9087677001953,35195900
2022-11-28,142.98295496117322,144.46066223238503,141.24911717447705,142.07662963867188,69246000
2022-11-29,142.14557128350813,142.65784730969276,138.2641397568449,139.0719451904297,83763800
2022-11-30,139.29847266437073,146.50968825255634,138.46111459110384,145.82994079589844,111380900
2022-12-01,146.00729966926298,146.9136247638141,144.43107296360157,146.10580444335938,71250400
2022-12-02,143.79076945238455,145.8004446428343,143.48536400225353,145.61326599121094,65447400
2022-12-05,145.57386250650663,148.67704153557165,143.60358628944576,144.4508056640625,68826400
2022-12-06,144.8842493657544,145.11082689130228,139.81077976944414,140.78607177734375,64727200
2022-12-07,140.07677467327488,141.23923029830829,137.91932004741116,138.84535217285156,69721100
2022-12-08,140.24422386630843,141.38698737134578,139.00295559622268,140.5299072265625,62128300
2022-12-09,140.22454358218158,143.40655024212361,138.80594241386282,140.04722595214844,76097000
2022-12-12,140.5791849523235,142.35243630018152,138.9635592869445,142.34259033203125,70462700
2022-12-13,147.27813419846305,147.7411502710795,142.0963136174533,143.3080291748047,93886200
2022-12-14,143.18979848966035,144.48032672192886,139.06206832067184,141.08160400390625,82291200
2022-12-15,139.01279946338835,139.69254696960033,134.00829749499812,134.4713134765625,98931900
2022-12-16,134.6585187405124,135.60424282446493,131.74250357896327,132.5109100341797,160156900
2022-12-19,133.1019778704447,133.19063667083125,129.36831196695024,130.40269470214844,79592600
2022-12-20,129.43726118544186,131.2696181831246,127.95955441414964,130.333740234375,77432800
2022-12-21,131.00365840968308,134.7767390812449,130.77708085896677,133.43695068359375,85928000
2022-12-22,132.35328842388512,132.56015897362735,128.36347675529532,130.26478576660156,77852100
2022-12-23,128.97425178436364,130.45195863115794,127.71327647766012,129.90028381347656,63814900
2022-12-27,129.42744608626094,129.45699902617415,126.80697517918489,128.09750366210938,69007800
2022-12-28,127.74282634199004,129.08261445216485,123.99930692968266,124.16677856445312,85438400
2022-12-29,126.08782748671398,128.54081933240047,125.83169698376393,127.68375396728516,75703700
2022-12-30,126.50154097040237,128.01864647794903,125.53610267686817,127.99893951416016,77034200
